epoch,train_loss,val_loss,lr,time,is_best,lr_reduced,max_error,mean_error,median_error
1,0.6478051529725393,0.9436220159530639,0.001,7.78773832321167,1,0,41.36641311645508,8.934867858886719,8.0803804397583
2,0.36452341961860657,0.8620885791778564,0.001,13.992630958557129,1,0,40.11796951293945,8.498586654663086,7.640305995941162
3,0.17598697324593862,0.8047346444129944,0.001,20.264472723007202,1,0,41.699615478515625,7.736719131469727,6.001616954803467
4,0.11539913487434388,0.3117520260810852,0.001,26.50383710861206,1,0,60.322513580322266,4.860532283782959,3.965717077255249
5,0.09763571506738662,0.28465132212638855,0.001,32.818302154541016,1,0,64.17130279541016,4.333667278289795,3.321577310562134
6,0.08696720375617345,0.26057497668266294,0.001,39.17144012451172,1,0,61.14360046386719,4.014087677001953,2.8587772846221924
7,0.08163976667324702,0.11850141239166259,0.001,45.51425004005432,1,0,48.61902618408203,2.8265786170959473,2.221182107925415
8,0.07619477226336797,0.0844889286160469,0.001,51.89429259300232,1,0,43.7665901184082,2.4068050384521484,1.9379597902297974
9,0.07482375725110373,0.08393075227737427,0.001,58.277586221694946,1,0,40.22916030883789,2.426652431488037,1.9517030715942383
10,0.07275802274545033,0.07868703573942185,0.001,64.59617471694946,1,0,41.205108642578125,2.326608180999756,1.8595635890960693
11,0.06937659307320913,0.07672788935899734,0.001,70.92270159721375,1,0,39.950138092041016,2.299330949783325,1.838268756866455
12,0.0673326655626297,0.082359869658947,0.001,77.24165725708008,0,0,38.08096694946289,2.39351487159729,1.8815940618515015
13,0.06560440313816071,0.10079920727014542,0.001,83.56257104873657,0,0,36.63105392456055,2.7249557971954346,2.2145187854766846
14,0.06308078068494796,0.10364838606119156,0.001,89.92453622817993,0,0,41.707855224609375,2.7627739906311035,2.2496554851531982
15,0.06785008748372395,0.0663052579164505,0.001,96.31881093978882,1,0,44.090999603271484,2.004549980163574,1.5348066091537476
16,0.06227085870504379,0.05920682302117348,0.001,102.72450852394104,1,0,40.11138916015625,1.930882215499878,1.4927992820739746
17,0.05949210383494695,0.07713399189710617,0.001,109.10398554801941,0,0,40.65041732788086,2.3052480220794678,1.8067318201065063
18,0.05827062009771665,0.09420386219024658,0.001,115.382981300354,0,0,38.26497268676758,2.6544582843780518,2.1932554244995117
19,0.054748394240935645,0.12018490934371948,0.001,121.85074234008789,0,0,38.3836784362793,3.1243932247161865,2.7213759422302246
20,0.05757916748523712,0.06275061321258545,0.001,128.22773909568787,0,0,41.19482421875,1.915504813194275,1.4539692401885986
21,0.061824638068676,0.05815939253568649,0.001,134.5384075641632,1,0,43.54010772705078,1.8567159175872803,1.4228469133377075
22,0.054551059554020565,0.07459515517950058,0.001,140.764226436615,0,0,42.078731536865234,2.3569412231445312,2.018742561340332
23,0.049674138247966765,0.06681292456388474,0.001,147.08085465431213,0,0,38.75895309448242,2.1197402477264404,1.6322592496871948
24,0.04557769654194514,0.058291434437036514,0.001,153.4058337211609,0,0,37.595706939697266,2.009542465209961,1.6297742128372192
25,0.042449986785650255,0.039556425392627714,0.001,159.73106837272644,1,0,40.11016845703125,1.3418303728103638,0.9125922322273254
26,0.040843252847592035,0.03676314038038254,0.001,166.2032663822174,1,0,41.02000045776367,1.2636853456497192,0.8544203639030457
27,0.03901388156414032,0.04628185477852821,0.001,172.5100634098053,0,0,39.889522552490234,1.7033404111862183,1.3423177003860474
28,0.038812448223431904,0.12384878033399582,0.001,178.8119556903839,0,0,36.119998931884766,3.4715635776519775,3.336562156677246
29,0.0367459005912145,0.05755641207098961,0.001,185.0725531578064,0,0,37.760860443115234,2.035048007965088,1.7024654150009155
30,0.03811458457509677,0.038294146656990054,0.001,191.48275113105774,0,0,41.7210807800293,1.4889272451400757,1.2397485971450806
31,0.03691724615295728,0.03521964564919472,0.001,197.94194293022156,1,0,39.66022872924805,1.223870038986206,0.8257540464401245
32,0.03537740816672643,0.03827148762345314,0.001,204.2939441204071,0,0,38.63694763183594,1.4801589250564575,1.150286316871643
33,0.03417060322562854,0.04478408822417259,0.001,210.47943234443665,0,0,37.06431198120117,1.757253885269165,1.4585483074188232
34,0.032617512504259746,0.05265095415711403,0.001,216.62540483474731,0,0,36.623321533203125,2.0027096271514893,1.748599648475647
35,0.03171299804250399,0.042443013042211535,0.001,223.05144548416138,0,0,37.11027908325195,1.6912424564361572,1.405152440071106
36,0.03129602076113224,0.04690102612972259,0.001,229.43936705589294,0,0,37.5538444519043,1.8760857582092285,1.6398940086364746
37,0.03047017600138982,0.032819126814603805,0.001,235.7484631538391,1,0,37.97663116455078,1.382907748222351,1.1180397272109985
38,0.03010788249472777,0.03517399525642395,0.001,242.03386807441711,0,0,37.79608154296875,1.3255223035812378,0.8695626258850098
39,0.031934783120950064,0.028859695956110955,0.001,248.31611728668213,1,0,42.77265548706055,1.0809231996536255,0.7011024355888367
40,0.02904386959473292,0.028390685856342315,0.001,254.49754786491394,1,0,36.635093688964844,1.2084447145462036,0.8845828771591187
41,0.028180709585547446,0.04808650216460228,0.001,260.67277932167053,0,0,34.27924346923828,2.0521669387817383,1.9127471446990967
42,0.02663195527593295,0.08293341821432114,0.001,266.8604545593262,0,0,34.102256774902344,2.865755796432495,2.804518222808838
43,0.025089643081029255,0.03884116819500923,0.001,273.10859727859497,0,0,35.89329147338867,1.7577078342437744,1.5976128578186035
44,0.02411675411959489,0.07407430016994476,0.001,279.38540148735046,0,0,31.885478973388672,2.683274745941162,2.6358559131622314
45,0.024590435882409414,0.044454340875148775,0.001,285.6771910190582,0,0,30.120136260986328,1.9740010499954224,1.8067882061004639
46,0.022773371289173762,0.01965372160077095,0.001,291.99927377700806,1,0,30.034076690673828,0.943064272403717,0.6225329041481018
47,0.021229954580465952,0.0199206363260746,0.001,298.2693111896515,0,0,29.117534637451172,0.9483166337013245,0.6249637603759766
48,0.020742114235957464,0.025372512236237526,0.001,304.55056858062744,0,0,30.007118225097656,1.290557861328125,1.0532119274139404
49,0.020252839843432107,0.017059658735990524,0.001,310.87629675865173,1,0,29.689144134521484,0.8710012435913086,0.570470929145813
50,0.018741806065042815,0.018265937730669975,0.001,317.13898491859436,0,0,27.875438690185547,0.9383918046951294,0.6101680994033813
51,0.017881933574875195,0.02915116433799267,0.001,323.5714302062988,0,0,24.70624542236328,1.5007615089416504,1.314921498298645
52,0.018527327790856363,0.04147874191403389,0.001,329.87785840034485,0,0,27.792587280273438,1.9250514507293701,1.7601046562194824
53,0.01648339075843493,0.06381173431873322,0.001,336.20061445236206,0,0,22.48493194580078,2.575470209121704,2.471447467803955
54,0.0155126933157444,0.0211218421459198,0.001,342.66597867012024,0,0,23.30474281311035,1.1629332304000854,0.8686916828155518
55,0.01640299865355094,0.030639999285340308,0.001,349.28331899642944,0,0,26.004314422607422,1.4804283380508423,1.2058072090148926
56,0.014586417148510614,0.013786348581314087,0.001,355.8243451118469,1,0,24.248754501342773,0.9377967715263367,0.7315138578414917
57,0.012909260839223861,0.014235746696591377,0.001,362.1410539150238,0,0,25.441574096679688,0.9986913800239563,0.8362136483192444
58,0.012359777276714643,0.016608646526932717,0.001,368.54773139953613,0,0,23.680774688720703,1.120827078819275,0.9502784013748169
59,0.011275567904114723,0.01676950690150261,0.001,375.03367376327515,0,0,24.19124984741211,1.1217670440673828,0.9516862034797668
60,0.010890482341249784,0.009855487391352653,0.001,381.43577241897583,1,0,24.25957489013672,0.7602367401123047,0.547409176826477
61,0.010787048481404781,0.012937540851533412,0.001,387.9138069152832,0,0,24.37999153137207,0.9678531885147095,0.817913830280304
62,0.010176597903172175,0.02288715124130249,0.001,394.43597507476807,0,0,22.909595489501953,1.4490736722946167,1.3526675701141357
63,0.009283955370386442,0.023938251554965973,0.001,400.82540106773376,0,0,23.971954345703125,1.497137188911438,1.4270625114440918
64,0.009362592781583468,0.014093202151358128,0.001,407.3257486820221,0,0,23.504962921142578,1.0615605115890503,0.9188690185546875
65,0.00975482258448998,0.00795258355885744,0.001,413.6674087047577,1,0,24.223979949951172,0.7006795406341553,0.5191172361373901
66,0.009102841618160407,0.00891504168510437,0.001,420.0103964805603,0,0,23.750524520874023,0.7825992107391357,0.624081015586853
67,0.00851405543461442,0.03193954971432686,0.001,426.5092821121216,0,0,23.27482795715332,1.8180367946624756,1.7857259511947632
68,0.00813200510914127,0.008755720868706704,0.001,433.04934883117676,0,0,24.48922348022461,0.7748410701751709,0.6222429871559143
69,0.007585939762492975,0.028056585669517516,0.001,439.5196888446808,0,0,23.01728057861328,1.7040584087371826,1.6557201147079468
70,0.007406746409833432,0.01854486161470413,0.001,446.00073194503784,0,0,23.544286727905273,1.305462121963501,1.2100688219070435
71,0.007070653662085533,0.005876821141690016,0.001,452.55177426338196,1,0,24.300148010253906,0.5943541526794434,0.4304579794406891
72,0.006925509791821241,0.005144007172435522,0.001,458.94620156288147,1,0,24.596101760864258,0.5446387529373169,0.38397637009620667
73,0.007742559810479482,0.009546288132667542,0.001,465.5398528575897,0,0,23.961929321289062,0.8698936700820923,0.7667968273162842
74,0.0069722651268045105,0.011109378539025784,0.001,471.9808111190796,0,0,24.912553787231445,0.9697288870811462,0.8895989060401917
75,0.00662993069862326,0.007002179969102144,0.001,478.3970994949341,0,0,24.017303466796875,0.6996204257011414,0.5626373887062073
76,0.006708570579687754,0.02448984068632126,0.001,484.83218932151794,0,0,22.557233810424805,1.5796265602111816,1.5430477857589722
77,0.00720862510552009,0.014113220103085041,0.001,491.3404607772827,0,0,22.771142959594727,1.1461001634597778,1.1106131076812744
78,0.006500930135448774,0.012388470925390721,0.001,497.86119842529297,0,0,23.614957809448242,1.056110143661499,1.014668583869934
79,0.005959793957571189,0.01856442119181156,0.001,504.22398829460144,0,0,23.04325294494629,1.360938310623169,1.3156929016113281
80,0.005905490803221862,0.005732137199491262,0.001,510.6858825683594,0,0,23.883304595947266,0.6322476863861084,0.5113672614097595
81,0.006100863305230936,0.004223206970840693,0.001,517.2460114955902,1,0,23.83675193786621,0.5045731067657471,0.3669585585594177
82,0.005692834975818793,0.004779518265277147,0.001,523.7334265708923,0,0,23.510995864868164,0.5421767830848694,0.39710646867752075
83,0.006007088844974836,0.005135645732283593,0.001,530.1452240943909,0,0,22.875680923461914,0.5876733660697937,0.4616389572620392
84,0.005659472896407048,0.019002138257026673,0.001,536.589512348175,0,0,21.561649322509766,1.4000592231750488,1.364266276359558
85,0.005869892579813798,0.004102107062935829,0.001,543.3106780052185,1,0,21.64478302001953,0.5036996603012085,0.3674759268760681
86,0.005494280724475781,0.02100512942671776,0.001,549.8918232917786,0,0,22.53887367248535,1.455078125,1.4376983642578125
87,0.005566745846221844,0.004635223299264908,0.001,556.4844570159912,0,0,21.99844741821289,0.5515602827072144,0.4249129593372345
88,0.005775761682540178,0.008836262315511703,0.001,563.0558512210846,0,0,20.87957000732422,0.825701892375946,0.7010840177536011
89,0.005290217880159617,0.00598270720243454,0.001,569.5206091403961,0,0,21.277849197387695,0.672695517539978,0.568547785282135
90,0.004867494128644467,0.0033997155372053386,0.001,576.0264847278595,1,0,21.58658218383789,0.4502638578414917,0.3225393295288086
91,0.005210591791818539,0.01684374175965786,0.001,582.5790004730225,0,0,20.77571678161621,1.31475830078125,1.2727400064468384
92,0.005148631259799003,0.006003356430679559,0.001,589.0068914890289,0,0,20.946979522705078,0.6888512372970581,0.602105438709259
93,0.004812505691001813,0.020960388526320456,0.001,595.4748904705048,0,0,19.93914031982422,1.4798256158828735,1.4452685117721558
94,0.005400839988142252,0.012483613379299641,0.001,602.0802345275879,0,0,20.419593811035156,1.085264801979065,1.0593963861465454
95,0.005411693631360928,0.004020203441381455,0.001,608.582436800003,0,0,20.64944839477539,0.5154463648796082,0.39175084233283997
96,0.005068196757386128,0.0033027178198099137,0.001,615.0910840034485,1,0,21.5469913482666,0.45415085554122925,0.33525988459587097
97,0.00504585000127554,0.006655298754572868,0.001,621.7213363647461,0,0,19.237422943115234,0.743897557258606,0.6652098894119263
98,0.0051733592549959816,0.011360057570040227,0.001,628.3826580047607,0,0,19.086795806884766,0.9875376224517822,0.8967747688293457
99,0.005274228328218063,0.007247898630797863,0.001,635.0491445064545,0,0,19.138219833374023,0.7742936015129089,0.7032877802848816
100,0.004760984455545744,0.003733763074502349,0.0005,641.5510966777802,0,1,18.809844970703125,0.49942654371261597,0.3884303867816925
101,0.004729729887098074,0.003503639368340373,0.0005,648.2973062992096,0,0,19.451671600341797,0.4848187267780304,0.37968578934669495
102,0.0039155699374775095,0.004136856205761433,0.0005,654.8126413822174,0,0,19.31717872619629,0.5533928871154785,0.4629543125629425
103,0.004140550540139278,0.005830922987312078,0.0005,661.2512934207916,0,0,18.807621002197266,0.6915634274482727,0.6116589903831482
104,0.003609067969645063,0.0069572217315435406,0.0005,667.6944987773895,0,0,18.787681579589844,0.7729120254516602,0.7014310956001282
105,0.0038438478372991086,0.007525276206433773,0.0005,674.1536464691162,0,0,18.96440887451172,0.8329454064369202,0.7805195450782776
106,0.003573769312972824,0.008760919310152531,0.0005,680.6047134399414,0,0,17.76062774658203,0.8998147249221802,0.8315414190292358
107,0.0034932584147900343,0.010158883757889271,0.0005,687.0270247459412,0,0,17.839088439941406,0.9899719953536987,0.9379408955574036
108,0.003576086385175586,0.0031686934642493727,0.0005,693.6332902908325,1,0,18.44186019897461,0.4551628530025482,0.34465569257736206
109,0.003461188259224097,0.005095956839621067,0.0005,700.1240022182465,0,0,18.024337768554688,0.6571855545043945,0.5955649614334106
110,0.0035131093362967174,0.009262155950069427,0.0005,706.6067862510681,0,0,17.60507583618164,0.9422934651374817,0.9009236693382263
111,0.0035340807599325975,0.002538178188726306,0.0005,713.1281273365021,1,0,18.49686622619629,0.39766862988471985,0.29512226581573486
112,0.0038002916742116213,0.002784164343029261,0.0005,719.5587410926819,0,0,17.39847183227539,0.4302974045276642,0.3350517451763153
113,0.0032582500750819843,0.0033412381261587144,0.0005,725.9660496711731,0,0,18.380760192871094,0.4902530908584595,0.4039744734764099
114,0.0035619551644970973,0.0037077085319906474,0.0005,732.44358086586,0,0,17.57288932800293,0.5193297266960144,0.42715930938720703
115,0.0037934613525867464,0.0033997229542583225,0.0005,738.8370018005371,0,0,17.595413208007812,0.4942220449447632,0.4043768048286438
116,0.0035886516043295465,0.00618537487462163,0.0005,745.3046433925629,0,0,17.531320571899414,0.7564456462860107,0.7190706133842468
117,0.0034829450075825057,0.0045356229282915595,0.0005,751.8516705036163,0,0,17.00496482849121,0.6091562509536743,0.5436173677444458
118,0.0033255396199723085,0.005007624510675669,0.0005,758.3225839138031,0,0,17.48850440979004,0.6539793610572815,0.6018703579902649
119,0.0032473593913018703,0.0047661207765340805,0.0005,764.7277693748474,0,0,16.567970275878906,0.6276921629905701,0.5591146349906921
120,0.0033043632873644433,0.00430154462531209,0.0005,771.1009006500244,0,0,17.360401153564453,0.5826444625854492,0.5049995183944702
121,0.003938275129844745,0.0052528569549322125,0.00025,777.5184223651886,0,1,16.911914825439453,0.6725136041641235,0.6064488291740417
122,0.00302595325311025,0.006974696930497884,0.00025,783.9421186447144,0,0,17.04793357849121,0.8174968957901001,0.7802219390869141
123,0.0033120920391132434,0.008746498495340347,0.00025,790.6102883815765,0,0,16.834871292114258,0.930429220199585,0.9003511071205139
124,0.0032097830132891735,0.008202664241194726,0.00025,797.2657618522644,0,0,16.023706436157227,0.8857722282409668,0.8349767327308655
125,0.0031585637032985688,0.0032056326679885385,0.00025,803.8032739162445,0,0,16.361696243286133,0.48401540517807007,0.39946919679641724
126,0.0033515094183385373,0.002904447903856635,0.00025,810.3980247974396,0,0,16.645477294921875,0.4486171007156372,0.35676097869873047
127,0.0031032602346191805,0.005033467955887318,0.00025,816.7567701339722,0,0,16.279733657836914,0.6529197096824646,0.5885798931121826
128,0.003235181437805295,0.005552736721932888,0.00025,823.2741656303406,0,0,16.137643814086914,0.7014835476875305,0.6407246589660645
129,0.003456069756299257,0.004361517395824194,0.00025,829.7747001647949,0,0,15.935067176818848,0.5937867760658264,0.5184296369552612
130,0.003113577539101243,0.0048662134334445,0.00025,836.26047706604,0,0,15.987597465515137,0.6405282020568848,0.5734633803367615
131,0.003045280046761036,0.0032991688307374718,0.000125,842.8888006210327,0,1,16.287612915039062,0.4967613220214844,0.41768139600753784
